{
  "gt_count": 588,
  "unit_volume": 1.054755361970354,
  "humans": {
    "guesses": [
      200.0,
      200.0,
      230.0,
      500.0,
      500.0,
      250.0,
      800.0,
      200.0,
      150.0,
      80.0,
      250.0,
      300.0,
      300.0,
      300.0,
      200.0,
      100.0,
      107.0,
      235.0,
      400.0,
      209.0,
      100.0,
      180.0,
      300.0,
      300.0,
      180.0,
      200.0,
      350.0,
      185.0,
      300.0,
      300.0,
      150.0,
      400.0,
      200.0,
      78.0,
      100.0,
      300.0,
      150.0
    ],
    "average": 250.9189189189189
  }
}